{
    "hot":{
        "titleIcon":"&#xe689;",
        "title":"今日疯抢",
        "proList": [{
                "listArray": [{
                        "id": 1,
                        "imgUrl": "https://languanzhao.github.io/img-for-app-project/classify01.png",
                        "new_price": 88,
                        "old_price": 96,
                        "proInfo": "美国/SUPER MILD沐浴露500ml"
                    },
                    {
                        "id": 2,
                        "imgUrl": "https://languanzhao.github.io/img-for-app-project/classify02.png",
                        "new_price": 88,
                        "old_price": 96,
                        "proInfo": "美国/SUPER MILD沐浴露500ml"
                    }
                ]
            },
            {
                "listArray": [{
                        "id": 1,
                        "imgUrl": "https://languanzhao.github.io/img-for-app-project/classify03.png",
                        "new_price": 88,
                        "old_price": 96,
                        "proInfo": "美国/SUPER MILD沐浴露500ml"
                    },
                    {
                        "id": 2,
                        "imgUrl": "https://languanzhao.github.io/img-for-app-project/classify04.png",
                        "new_price": 88,
                        "old_price": 96,
                        "proInfo": "美国/SUPER MILD沐浴露500ml"
                    }
                ]
            }
            
        ]
    },
    "baby": {
        "titleIcon":"&#xe645;",
        "title":"母婴专区",
        "proList": [{
                "listArray": [{
                        "id": 1,
                        "imgUrl": "https://languanzhao.github.io/img-for-app-project/classify05.png",
                        "new_price": 298,
                        "old_price": 326,
                        "proInfo": "Nutrilon荷兰牛栏婴儿配方奶粉3段..."
                    },
                    {
                        "id": 2,
                        "imgUrl": "https://languanzhao.github.io/img-for-app-project/classify06.png",
                        "new_price": 298,
                        "old_price": 326,
                        "proInfo": "Nutrilon荷兰牛栏婴儿配方奶粉3段..."
                    }
                ]
            },
            {
                "listArray": [{
                        "id": 1,
                        "imgUrl": "https://languanzhao.github.io/img-for-app-project/classify07.png",
                        "new_price": 298,
                        "old_price": 326,
                        "proInfo": "Nutrilon荷兰牛栏婴儿配方奶粉3段..."
                    },
                    {
                        "id": 2,
                        "imgUrl": "https://languanzhao.github.io/img-for-app-project/classify08.png",
                        "new_price": 298,
                        "old_price": 326,
                        "proInfo": "Nutrilon荷兰牛栏婴儿配方奶粉3段..."
                    }
                ]
            }
        ]
    },
    "beauty": {
        "titleIcon":"&#xe685;",
        "title":"美妆护肤",
        "proList": [{
                "listArray": [{
                        "id": 1,
                        "imgUrl": "https://languanzhao.github.io/img-for-app-project/classify03.png",
                        "new_price": 112,
                        "old_price": 220,
                        "proInfo": "LA ROCHE-POSAY理肤泉 疤痕..."
                    },
                    {
                        "id": 2,
                        "imgUrl": "https://languanzhao.github.io/img-for-app-project/classify04.png",
                        "new_price": 112,
                        "old_price": 220,
                        "proInfo": "LA ROCHE-POSAY理肤泉 疤痕..."
                    }
                ]
            },
            {
                "listArray": [{
                        "id": 1,
                        "imgUrl": "https://languanzhao.github.io/img-for-app-project/classify01.png",
                        "new_price": 112,
                        "old_price": 220,
                        "proInfo": "LA ROCHE-POSAY理肤泉 疤痕..."
                    },
                    {
                        "id": 2,
                        "imgUrl": "https://languanzhao.github.io/img-for-app-project/classify02.png",
                        "new_price": 112,
                        "old_price": 220,
                        "proInfo": "LA ROCHE-POSAY理肤泉 疤痕..."
                    }
                ]
            }
        ]
    },
    "life": {
        "titleIcon":"&#xe63e;",
        "title":"家具生活",
        "proList": [{
                "listArray": [{
                        "id": 1,
                        "imgUrl": "https://languanzhao.github.io/img-for-app-project/classify07.png",
                        "new_price": 158,
                        "old_price": 199,
                        "proInfo": "法国Neolid正品 可爱动物图案扭扭杯..."
                    },
                    {
                        "id": 2,
                        "imgUrl": "https://languanzhao.github.io/img-for-app-project/classify08.png",
                        "new_price": 158,
                        "old_price": 199,
                        "proInfo": "法国Neolid正品 可爱动物图案扭扭杯..."
                    }
                ]
            },
            {
                "listArray": [{
                        "id": 1,
                        "imgUrl": "https://languanzhao.github.io/img-for-app-project/classify01.png",
                        "new_price": 158,
                        "old_price": 199,
                        "proInfo": "法国Neolid正品 可爱动物图案扭扭杯..."
                    },
                    {
                        "id": 2,
                        "imgUrl": "https://languanzhao.github.io/img-for-app-project/classify02.png",
                        "new_price": 158,
                        "old_price": 199,
                        "proInfo": "法国Neolid正品 可爱动物图案扭扭杯..."
                    }
                ]
            }
        ]
    },
    "food": {
        "titleIcon":"&#xe696;",
        "title":"食品营养",
        "proList": [{
                "listArray": [{
                        "id": 1,
                        "imgUrl": "https://languanzhao.github.io/img-for-app-project/classify05.png",
                        "new_price": 139,
                        "old_price": 288,
                        "proInfo": "【纯天然淡斑法】Caudalie欧缇丽葡..."
                    },
                    {
                        "id": 2,
                        "imgUrl": "https://languanzhao.github.io/img-for-app-project/classify06.png",
                        "new_price": 139,
                        "old_price": 288,
                        "proInfo": "【纯天然淡斑法】Caudalie欧缇丽葡..."
                    }
                ]
            },
            {
                "listArray": [{
                        "id": 1,
                        "imgUrl": "https://languanzhao.github.io/img-for-app-project/classify03.png",
                        "new_price": 139,
                        "old_price": 288,
                        "proInfo": "【纯天然淡斑法】Caudalie欧缇丽葡..."
                    },
                    {
                        "id": 2,
                        "imgUrl": "https://languanzhao.github.io/img-for-app-project/classify04.png",
                        "new_price": 139,
                        "old_price": 288,
                        "proInfo": "【纯天然淡斑法】Caudalie欧缇丽葡..."
                    }
                ]
            }
        ]
    },
    "global": {
        "titleIcon":"&#xe600;",
        "title":"全球直邮",
        "proList": [{
                "listArray": [{
                        "id": 1,
                        "imgUrl": "https://languanzhao.github.io/img-for-app-project/classify07.png",
                        "new_price": 108,
                        "old_price": 118,
                        "proInfo": "Jacob Hooy雅歌布七叶树籽眼霜1..."
                    },
                    {
                        "id": 2,
                        "imgUrl": "https://languanzhao.github.io/img-for-app-project/classify08.png",
                        "new_price": 108,
                        "old_price": 118,
                        "proInfo": "Jacob Hooy雅歌布七叶树籽眼霜1..."
                    }
                ]
            },
            {
                "listArray": [{
                        "id": 1,
                        "imgUrl": "https://languanzhao.github.io/img-for-app-project/classify05.png",
                        "new_price": 108,
                        "old_price": 118,
                        "proInfo": "Jacob Hooy雅歌布七叶树籽眼霜1..."
                    },
                    {
                        "id": 2,
                        "imgUrl": "https://languanzhao.github.io/img-for-app-project/classify06.png",
                        "new_price": 108,
                        "old_price": 118,
                        "proInfo": "Jacob Hooy雅歌布七叶树籽眼霜1..."
                    }
				]
			}
		]
	}
}